code,sido,gu,dong,lat,lng
1111051500,서울특별시,종로구,청운효자동,37.584009,126.970626
1111053000,서울특별시,종로구,사직동,37.575408,126.965944
1111054000,서울특별시,종로구,삼청동,37.590758,126.980996
1111055000,서울특별시,종로구,부암동,37.594768,126.965574
1111056000,서울특별시,종로구,평창동,37.613029,126.974485
1111057000,서울특별시,종로구,무악동,37.577110,126.958562
1111058000,서울특별시,종로구,교남동,37.568547,126.964454
1111060000,서울특별시,종로구,가회동,37.582682,126.984831
1111061500,서울특별시,종로구,종로1.2.3.4가동,37.570962,126.977881
1111063000,서울특별시,종로구,종로5.6가동,37.573681,127.009292
1111064000,서울특별시,종로구,이화동,37.577245,127.005622
1111065000,서울특별시,종로구,혜화동,37.587817,127.001745
1111067000,서울특별시,종로구,창신제1동,37.573172,126.979220
1111068000,서울특별시,종로구,창신제2동,37.573172,126.979220
1111069000,서울특별시,종로구,창신제3동,37.573172,126.979220
1111070000,서울특별시,종로구,숭인제1동,37.573172,126.979220
1111071000,서울특별시,종로구,숭인제2동,37.573172,126.979220
1114052000,서울특별시,중구,소공동,37.564079,126.980046
1114054000,서울특별시,중구,회현동,37.557288,126.979369
1114055000,서울특별시,중구,명동,37.560029,126.985806
1114057000,서울특별시,중구,필동,37.560148,126.995572
1114058000,서울특별시,중구,장충동,37.561919,127.007818
1114059000,서울특별시,중구,광희동,37.564445,127.005023
1114060500,서울특별시,중구,을지로동,37.566690,126.991319
1114061500,서울특별시,중구,신당동,37.557913,127.013655
1114062500,서울특별시,중구,다산동,37.554398,127.008155
1114063500,서울특별시,중구,약수동,37.552459,127.008973
1114064500,서울특별시,중구,청구동,37.557074,127.014616
1114065000,서울특별시,중구,신당제5동,37.563760,126.997459
1114066500,서울특별시,중구,동화동,37.560042,127.019399
1114067000,서울특별시,중구,황학동,37.568542,127.020827
1114068000,서울특별시,중구,중림동,37.558842,126.966320
1117051000,서울특별시,용산구,후암동,37.549901,126.980613
1117052000,서울특별시,용산구,용산2가동,37.542884,126.985008
1117053000,서울특별시,용산구,남영동,37.542865,126.973353
1117055500,서울특별시,용산구,청파동,37.545502,126.969899
1117056000,서울특별시,용산구,원효로제1동,37.532612,126.990182
1117057000,서울특별시,용산구,원효로제2동,37.532612,126.990182
1117058000,서울특별시,용산구,효창동,37.542828,126.960951
1117059000,서울특별시,용산구,용문동,37.537663,126.959677
1117062500,서울특별시,용산구,한강로동,37.529054,126.969503
1117063000,서울특별시,용산구,이촌제1동,37.532612,126.990182
1117064000,서울특별시,용산구,이촌제2동,37.532612,126.990182
1117065000,서울특별시,용산구,이태원제1동,37.532612,126.990182
1117066000,서울특별시,용산구,이태원제2동,37.532612,126.990182
1117068500,서울특별시,용산구,한남동,37.537541,127.005165
1117069000,서울특별시,용산구,서빙고동,37.518619,126.991299
1117070000,서울특별시,용산구,보광동,37.526873,127.000917
1120052000,서울특별시,성동구,왕십리제2동,37.563386,127.037047
1120053500,서울특별시,성동구,왕십리도선동,37.565980,127.031444
1120054000,서울특별시,성동구,마장동,37.567363,127.040731
1120055000,서울특별시,성동구,사근동,37.558904,127.047597
1120056000,서울특별시,성동구,행당제1동,37.563386,127.037047
1120057000,서울특별시,성동구,행당제2동,37.563386,127.037047
1120058000,서울특별시,성동구,응봉동,37.550935,127.033903
1120059000,서울특별시,성동구,금호1가동,37.553509,127.023661
1120061500,서울특별시,성동구,금호2.3가동,37.549549,127.019842
1120062000,서울특별시,성동구,금호4가동,37.545404,127.024129
1120064500,서울특별시,성동구,옥수동,37.540788,127.020624
1120065000,서울특별시,성동구,성수1가제1동,37.543511,127.042746
1120066000,서울특별시,성동구,성수1가제2동,37.543511,127.042746
1120067000,서울특별시,성동구,성수2가제1동,37.540855,127.056517
1120069000,서울특별시,성동구,성수2가제3동,37.540855,127.056517
1120072000,서울특별시,성동구,송정동,37.553181,127.062066
1120079000,서울특별시,성동구,용답동,37.561470,127.056348
1121571000,서울특별시,광진구,화양동,37.543250,127.073393
1121573000,서울특별시,광진구,군자동,37.553038,127.073657
1121574000,서울특별시,광진구,중곡제1동,37.538210,127.082191
1121575000,서울특별시,광진구,중곡제2동,37.538210,127.082191
1121576000,서울특별시,광진구,중곡제3동,37.538210,127.082191
1121577000,서울특별시,광진구,중곡제4동,37.538210,127.082191
1121578000,서울특별시,광진구,능동,37.550578,127.081722
1121581000,서울특별시,광진구,광장동,37.547835,127.104695
1121582000,서울특별시,광진구,자양제1동,37.538210,127.082191
1121583000,서울특별시,광진구,자양제2동,37.538210,127.082191
1121584000,서울특별시,광진구,자양제3동,37.538210,127.082191
1121584700,서울특별시,광진구,자양제4동,37.538210,127.082191
1121585000,서울특별시,광진구,구의제1동,37.538210,127.082191
1121586000,서울특별시,광진구,구의제2동,37.538210,127.082191
1121587000,서울특별시,광진구,구의제3동,37.538210,127.082191
1123053600,서울특별시,동대문구,용신동,37.575868,127.037305
1123054500,서울특별시,동대문구,제기동,37.583778,127.037226
1123056000,서울특별시,동대문구,전농제1동,37.574428,127.039712
1123057000,서울특별시,동대문구,전농제2동,37.574428,127.039712
1123060000,서울특별시,동대문구,답십리제1동,37.570970,127.056703
1123061000,서울특별시,동대문구,답십리제2동,37.570970,127.056703
1123065000,서울특별시,동대문구,장안제1동,37.574428,127.039712
1123066000,서울특별시,동대문구,장안제2동,37.574428,127.039712
1123070500,서울특별시,동대문구,청량리동,37.588799,127.045280
1123071000,서울특별시,동대문구,회기동,37.593733,127.051434
1123072000,서울특별시,동대문구,휘경제1동,37.574428,127.039712
1123073000,서울특별시,동대문구,휘경제2동,37.574428,127.039712
1123074000,서울특별시,동대문구,이문제1동,37.574428,127.039712
1123075000,서울특별시,동대문구,이문제2동,37.574428,127.039712
1126052000,서울특별시,중랑구,면목제2동,37.606736,127.092924
1126054000,서울특별시,중랑구,면목제4동,37.606736,127.092924
1126055000,서울특별시,중랑구,면목제5동,37.606736,127.092924
1126056500,서울특별시,중랑구,면목본동,37.587331,127.087419
1126057000,서울특별시,중랑구,면목제7동,37.606736,127.092924
1126057500,서울특별시,중랑구,면목제3.8동,37.582921,127.088107
1126058000,서울특별시,중랑구,상봉제1동,37.606736,127.092924
1126059000,서울특별시,중랑구,상봉제2동,37.606736,127.092924
1126060000,서울특별시,중랑구,중화제1동,37.606736,127.092924
1126061000,서울특별시,중랑구,중화제2동,37.606736,127.092924
1126062000,서울특별시,중랑구,묵제1동,37.606736,127.092924
1126063000,서울특별시,중랑구,묵제2동,37.606736,127.092924
1126065500,서울특별시,중랑구,망우본동,37.601504,127.106215
1126066000,서울특별시,중랑구,망우제3동,37.606736,127.092924
1126068000,서울특별시,중랑구,신내1동,37.605867,127.099356
1126069000,서울특별시,중랑구,신내2동,37.606188,127.094222
1129052500,서울특별시,성북구,성북동,37.597248,126.992899
1129055500,서울특별시,성북구,삼선동,37.590836,127.014670
1129057500,서울특별시,성북구,동선동,37.593984,127.020426
1129058000,서울특별시,성북구,돈암제1동,37.589440,127.016817
1129059000,서울특별시,성북구,돈암제2동,37.589440,127.016817
1129060000,서울특별시,성북구,안암동,37.585892,127.021381
1129061000,서울특별시,성북구,보문동,37.580380,127.022857
1129062000,서울특별시,성북구,정릉제1동,37.589440,127.016817
1129063000,서울특별시,성북구,정릉제2동,37.589440,127.016817
1129064000,서울특별시,성북구,정릉제3동,37.589440,127.016817
1129065000,서울특별시,성북구,정릉제4동,37.589440,127.016817
1129066000,서울특별시,성북구,길음제1동,37.589440,127.016817
1129068500,서울특별시,성북구,길음제2동,37.589440,127.016817
1129070500,서울특별시,성북구,종암동,37.597176,127.033894
1129071500,서울특별시,성북구,월곡제1동,37.589440,127.016817
1129072500,서울특별시,성북구,월곡제2동,37.589440,127.016817
1129076000,서울특별시,성북구,장위제1동,37.589440,127.016817
1129077000,서울특별시,성북구,장위제2동,37.589440,127.016817
1129078000,서울특별시,성북구,장위제3동,37.589440,127.016817
1129081000,서울특별시,성북구,석관동,37.608265,127.061465
1130553400,서울특별시,강북구,삼양동,37.627368,127.018300
1130553500,서울특별시,강북구,미아동,37.621106,127.023865
1130554500,서울특별시,강북구,송중동,37.616062,127.033819
1130555500,서울특별시,강북구,송천동,37.618268,127.023845
1130557500,서울특별시,강북구,삼각산동,37.616702,127.017511
1130559500,서울특별시,강북구,번1동,37.637825,127.028802
1130560300,서울특별시,강북구,번2동,37.632572,127.038693
1130560800,서울특별시,강북구,번3동,37.625852,127.046619
1130561500,서울특별시,강북구,수유1동,37.630309,127.017684
1130562500,서울특별시,강북구,수유2동,37.644753,127.019941
1130563500,서울특별시,강북구,수유3동,37.638832,127.023089
1130564500,서울특별시,강북구,우이동,37.663286,127.000508
1130566000,서울특별시,강북구,인수동,37.641485,127.010591
1132051100,서울특별시,도봉구,창제1동,37.668639,127.047364
1132051200,서울특별시,도봉구,창제2동,37.668639,127.047364
1132051300,서울특별시,도봉구,창제3동,37.668639,127.047364
1132051400,서울특별시,도봉구,창제4동,37.668639,127.047364
1132051500,서울특별시,도봉구,창제5동,37.668639,127.047364
1132052100,서울특별시,도봉구,도봉제1동,37.668639,127.047364
1132052200,서울특별시,도봉구,도봉제2동,37.668639,127.047364
1132066000,서울특별시,도봉구,쌍문제1동,37.668639,127.047364
1132067000,서울특별시,도봉구,쌍문제2동,37.668639,127.047364
1132068000,서울특별시,도봉구,쌍문제3동,37.668639,127.047364
1132068100,서울특별시,도봉구,쌍문제4동,37.668639,127.047364
1132069000,서울특별시,도봉구,방학제1동,37.668639,127.047364
1132070000,서울특별시,도봉구,방학제2동,37.668639,127.047364
1132071000,서울특별시,도봉구,방학제3동,37.668639,127.047364
1135056000,서울특별시,노원구,월계1동,37.619919,127.062984
1135057000,서울특별시,노원구,월계2동,37.632510,127.051031
1135058000,서울특별시,노원구,월계3동,37.620949,127.069054
1135059500,서울특별시,노원구,공릉1동,37.624843,127.073820
1135060000,서울특별시,노원구,공릉2동,37.621268,127.083357
1135061100,서울특별시,노원구,하계1동,37.640485,127.072685
1135061200,서울특별시,노원구,하계2동,37.632123,127.068053
1135061900,서울특별시,노원구,중계본동,37.647853,127.080401
1135062100,서울특별시,노원구,중계1동,37.652551,127.077488
1135062400,서울특별시,노원구,중계4동,37.658763,127.077989
1135062500,서울특별시,노원구,중계2.3동,37.642040,127.068711
1135063000,서울특별시,노원구,상계1동,37.679855,127.055020
1135064000,서울특별시,노원구,상계2동,37.658860,127.068479
1135066500,서울특별시,노원구,상계3.4동,37.672624,127.083020
1135067000,서울특별시,노원구,상계5동,37.662994,127.069470
1135069500,서울특별시,노원구,상계6.7동,37.654919,127.066919
1135070000,서울특별시,노원구,상계8동,37.666726,127.051548
1135071000,서울특별시,노원구,상계9동,37.664490,127.063818
1135072000,서울특별시,노원구,상계10동,37.661245,127.060243
1138051000,서울특별시,은평구,녹번동,37.605314,126.934567
1138052000,서울특별시,은평구,불광제1동,37.602766,126.928839
1138053000,서울특별시,은평구,불광제2동,37.602766,126.928839
1138055100,서울특별시,은평구,갈현제1동,37.602766,126.928839
1138055200,서울특별시,은평구,갈현제2동,37.602766,126.928839
1138056000,서울특별시,은평구,구산동,37.611074,126.907302
1138057000,서울특별시,은평구,대조동,37.612256,126.923141
1138058000,서울특별시,은평구,응암제1동,37.602766,126.928839
1138059000,서울특별시,은평구,응암제2동,37.602766,126.928839
1138060000,서울특별시,은평구,응암제3동,37.602766,126.928839
1138062500,서울특별시,은평구,역촌동,37.604582,126.914611
1138063100,서울특별시,은평구,신사제1동,37.602766,126.928839
1138063200,서울특별시,은평구,신사제2동,37.602766,126.928839
1138064000,서울특별시,은평구,증산동,37.584166,126.905952
1138065000,서울특별시,은평구,수색동,37.585574,126.894529
1138069000,서울특별시,은평구,진관동,37.639681,126.937804
1141052000,서울특별시,서대문구,천연동,37.567945,126.959437
1141055500,서울특별시,서대문구,북아현동,37.562431,126.954397
1141056500,서울특별시,서대문구,충현동,37.564830,126.954715
1141058500,서울특별시,서대문구,신촌동,37.565550,126.941382
1141061500,서울특별시,서대문구,연희동,37.571987,126.932812
1141062000,서울특별시,서대문구,홍제제1동,37.579213,126.936773
1141064000,서울특별시,서대문구,홍제제3동,37.579213,126.936773
1141065500,서울특별시,서대문구,홍제제2동,37.579213,126.936773
1141066000,서울특별시,서대문구,홍은제1동,37.579213,126.936773
1141068500,서울특별시,서대문구,홍은제2동,37.579213,126.936773
1141069000,서울특별시,서대문구,남가좌제1동,37.579213,126.936773
1141070000,서울특별시,서대문구,남가좌제2동,37.579213,126.936773
1141071000,서울특별시,서대문구,북가좌제1동,37.579213,126.936773
1141072000,서울특별시,서대문구,북가좌제2동,37.579213,126.936773
1144055500,서울특별시,마포구,아현동,37.554474,126.956308
1144056500,서울특별시,마포구,공덕동,37.548092,126.954994
1144058500,서울특별시,마포구,도화동,37.539758,126.950007
1144059000,서울특별시,마포구,용강동,37.541502,126.940443
1144060000,서울특별시,마포구,대흥동,37.549807,126.943177
1144061000,서울특별시,마포구,염리동,37.549096,126.947307
1144063000,서울특별시,마포구,신수동,37.548524,126.936813
1144065500,서울특별시,마포구,서강동,37.547780,126.932218
1144066000,서울특별시,마포구,서교동,37.553838,126.918765
1144068000,서울특별시,마포구,합정동,37.547027,126.909029
1144069000,서울특별시,마포구,망원제1동,37.566404,126.901763
1144070000,서울특별시,마포구,망원제2동,37.566404,126.901763
1144071000,서울특별시,마포구,연남동,37.563027,126.921519
1144072000,서울특별시,마포구,성산제1동,37.566404,126.901763
1144073000,서울특별시,마포구,성산제2동,37.566404,126.901763
1144074000,서울특별시,마포구,상암동,37.570748,126.879840
1147051000,서울특별시,양천구,목1동,37.530433,126.870985
1147052000,서울특별시,양천구,목2동,37.546108,126.871631
1147053000,서울특별시,양천구,목3동,37.544858,126.864408
1147054000,서울특별시,양천구,목4동,37.532327,126.868343
1147055000,서울특별시,양천구,목5동,37.535136,126.878540
1147056000,서울특별시,양천구,신월1동,37.532815,126.831530
1147057000,서울특별시,양천구,신월2동,37.524970,126.844572
1147058000,서울특별시,양천구,신월3동,37.533674,126.829050
1147059000,서울특별시,양천구,신월4동,37.524619,126.840063
1147060000,서울특별시,양천구,신월5동,37.538566,126.827186
1147061000,서울특별시,양천구,신월6동,37.516265,126.843631
1147061100,서울특별시,양천구,신월7동,37.521756,126.834791
1147062000,서울특별시,양천구,신정1동,37.518550,126.854354
1147063000,서울특별시,양천구,신정2동,37.519267,126.870723
1147064000,서울특별시,양천구,신정3동,37.515086,126.854859
1147065000,서울특별시,양천구,신정4동,37.523422,126.858680
1147067000,서울특별시,양천구,신정6동,37.517053,126.864399
1147068000,서울특별시,양천구,신정7동,37.514412,126.859700
1150051000,서울특별시,강서구,염창동,37.554552,126.871764
1150052000,서울특별시,강서구,등촌제1동,37.550968,126.849614
1150053000,서울특별시,강서구,등촌제2동,37.550968,126.849614
1150053500,서울특별시,강서구,등촌제3동,37.550968,126.849614
1150054000,서울특별시,강서구,화곡제1동,37.550968,126.849614
1150055000,서울특별시,강서구,화곡제2동,37.550968,126.849614
1150056000,서울특별시,강서구,화곡제3동,37.550968,126.849614
1150057000,서울특별시,강서구,화곡제4동,37.550968,126.849614
1150059000,서울특별시,강서구,화곡본동,37.544092,126.847626
1150059100,서울특별시,강서구,화곡제6동,37.550968,126.849614
1150059300,서울특별시,강서구,화곡제8동,37.550968,126.849614
1150060300,서울특별시,강서구,가양제1동,37.550968,126.849614
1150060400,서울특별시,강서구,가양제2동,37.550968,126.849614
1150060500,서울특별시,강서구,가양제3동,37.550968,126.849614
1150061100,서울특별시,강서구,발산제1동,37.550968,126.849614
1150061500,서울특별시,강서구,우장산동,37.548198,126.841792
1150062000,서울특별시,강서구,공항동,37.554779,126.810453
1150063000,서울특별시,강서구,방화제1동,37.550968,126.849614
1150064000,서울특별시,강서구,방화제2동,37.550968,126.849614
1150064100,서울특별시,강서구,방화제3동,37.550968,126.849614
1153051000,서울특별시,구로구,신도림동,37.509951,126.882174
1153052000,서울특별시,구로구,구로제1동,37.495650,126.887771
1153053000,서울특별시,구로구,구로제2동,37.495650,126.887771
1153054000,서울특별시,구로구,구로제3동,37.495650,126.887771
1153055000,서울특별시,구로구,구로제4동,37.495650,126.887771
1153056000,서울특별시,구로구,구로제5동,37.495650,126.887771
1153059500,서울특별시,구로구,가리봉동,37.482704,126.888019
1153072000,서울특별시,구로구,고척제1동,37.495650,126.887771
1153073000,서울특별시,구로구,고척제2동,37.495650,126.887771
1153074000,서울특별시,구로구,개봉제1동,37.495650,126.887771
1153075000,서울특별시,구로구,개봉제2동,37.495650,126.887771
1153076000,서울특별시,구로구,개봉제3동,37.495650,126.887771
1153077000,서울특별시,구로구,오류제1동,37.495650,126.887771
1153078000,서울특별시,구로구,오류제2동,37.495650,126.887771
1153079000,서울특별시,구로구,수궁동,37.493837,126.831527
1154551000,서울특별시,금천구,가산동,37.476681,126.883767
1154561000,서울특별시,금천구,독산제1동,37.456979,126.895656
1154562000,서울특별시,금천구,독산제2동,37.456979,126.895656
1154563000,서울특별시,금천구,독산제3동,37.456979,126.895656
1154564000,서울특별시,금천구,독산제4동,37.456979,126.895656
1154567000,서울특별시,금천구,시흥제1동,37.456979,126.895656
1154568000,서울특별시,금천구,시흥제2동,37.456979,126.895656
1154569000,서울특별시,금천구,시흥제3동,37.456979,126.895656
1154570000,서울특별시,금천구,시흥제4동,37.456979,126.895656
1154571000,서울특별시,금천구,시흥제5동,37.456979,126.895656
1156051500,서울특별시,영등포구,영등포본동,37.514692,126.909387
1156053500,서울특별시,영등포구,영등포동,37.513786,126.906901
1156054000,서울특별시,영등포구,여의동,37.517598,126.934571
1156055000,서울특별시,영등포구,당산제1동,37.526410,126.896252
1156056000,서울특별시,영등포구,당산제2동,37.526410,126.896252
1156058500,서울특별시,영등포구,도림동,37.509105,126.900533
1156060500,서울특별시,영등포구,문래동,37.517141,126.899454
1156061000,서울특별시,영등포구,양평제1동,37.526410,126.896252
1156062000,서울특별시,영등포구,양평제2동,37.526410,126.896252
1156063000,서울특별시,영등포구,신길제1동,37.526410,126.896252
1156065000,서울특별시,영등포구,신길제3동,37.526410,126.896252
1156066000,서울특별시,영등포구,신길제4동,37.526410,126.896252
1156067000,서울특별시,영등포구,신길제5동,37.526410,126.896252
1156068000,서울특별시,영등포구,신길제6동,37.526410,126.896252
1156069000,서울특별시,영등포구,신길제7동,37.526410,126.896252
1156070000,서울특별시,영등포구,대림제1동,37.526410,126.896252
1156071000,서울특별시,영등포구,대림제2동,37.526410,126.896252
1156072000,서울특별시,영등포구,대림제3동,37.526410,126.896252
1159051000,서울특별시,동작구,노량진제1동,37.512462,126.939485
1159052000,서울특별시,동작구,노량진제2동,37.512462,126.939485
1159053000,서울특별시,동작구,상도제1동,37.512462,126.939485
1159054000,서울특별시,동작구,상도제2동,37.512462,126.939485
1159055000,서울특별시,동작구,상도제3동,37.512462,126.939485
1159056000,서울특별시,동작구,상도제4동,37.512462,126.939485
1159060500,서울특별시,동작구,흑석동,37.505492,126.962317
1159062000,서울특별시,동작구,사당제1동,37.512462,126.939485
1159063000,서울특별시,동작구,사당제2동,37.512462,126.939485
1159064000,서울특별시,동작구,사당제3동,37.512462,126.939485
1159065000,서울특별시,동작구,사당제4동,37.512462,126.939485
1159065100,서울특별시,동작구,사당제5동,37.512462,126.939485
1159066000,서울특별시,동작구,대방동,37.506879,126.927994
1159067000,서울특별시,동작구,신대방제1동,37.512462,126.939485
1159068000,서울특별시,동작구,신대방제2동,37.512462,126.939485
1162052500,서울특별시,관악구,보라매동,37.488208,126.932761
1162054500,서울특별시,관악구,청림동,37.491928,126.958841
1162056500,서울특별시,관악구,성현동,37.489708,126.948322
1162057500,서울특별시,관악구,행운동,37.480738,126.956950
1162058500,서울특별시,관악구,낙성대동,37.476281,126.958369
1162059500,서울특별시,관악구,청룡동,37.479143,126.941675
1162060500,서울특별시,관악구,은천동,37.485376,126.942503
1162061500,서울특별시,관악구,중앙동,37.484016,126.949645
1162062500,서울특별시,관악구,인헌동,37.475126,126.965259
1162063000,서울특별시,관악구,남현동,37.464115,126.977754
1162064500,서울특별시,관악구,서원동,37.479662,126.931311
1162065500,서울특별시,관악구,신원동,37.481698,126.927268
1162066500,서울특별시,관악구,서림동,37.475037,126.934972
1162068500,서울특별시,관악구,신사동,37.485479,126.918044
1162069500,서울특별시,관악구,신림동,37.463204,126.935795
1162071500,서울특별시,관악구,난향동,37.461554,126.918807
1162072500,서울특별시,관악구,조원동,37.482592,126.907808
1162073500,서울특별시,관악구,대학동,37.470593,126.936855
1162074500,서울특별시,관악구,삼성동,37.470135,126.933007
1162076500,서울특별시,관악구,미성동,37.476348,126.915677
1162077500,서울특별시,관악구,난곡동,37.471024,126.921689
1165051000,서울특별시,서초구,서초1동,37.490077,127.019534
1165052000,서울특별시,서초구,서초2동,37.492051,127.025083
1165053000,서울특별시,서초구,서초3동,37.483594,127.012518
1165053100,서울특별시,서초구,서초4동,37.502624,127.022175
1165054000,서울특별시,서초구,잠원동,37.515102,127.009083
1165055000,서울특별시,서초구,반포본동,37.500490,126.986012
1165056000,서울특별시,서초구,반포1동,37.505136,127.013354
1165057000,서울특별시,서초구,반포2동,37.504644,126.994495
1165058000,서울특별시,서초구,반포3동,37.512027,127.005572
1165058100,서울특별시,서초구,반포4동,37.498651,126.995469
1165059000,서울특별시,서초구,방배본동,37.494151,126.988688
1165060000,서울특별시,서초구,방배1동,37.483406,126.994486
1165061000,서울특별시,서초구,방배2동,37.479887,126.985499
1165062000,서울특별시,서초구,방배3동,37.480255,126.999028
1165062100,서울특별시,서초구,방배4동,37.489624,126.991383
1165065100,서울특별시,서초구,양재1동,37.471701,127.026750
1165065200,서울특별시,서초구,양재2동,37.470620,127.041076
1165066000,서울특별시,서초구,내곡동,37.458154,127.076727
1168051000,서울특별시,강남구,신사동,37.523807,127.026492
1168052100,서울특별시,강남구,논현1동,37.511498,127.028552
1168053100,서울특별시,강남구,논현2동,37.517353,127.037164
1168054500,서울특별시,강남구,압구정동,37.530734,127.028461
1168056500,서울특별시,강남구,청담동,37.524399,127.050457
1168058000,서울특별시,강남구,삼성1동,37.514315,127.062824
1168059000,서울특별시,강남구,삼성2동,37.511399,127.046255
1168060000,서울특별시,강남구,대치1동,37.493236,127.056687
1168061000,서울특별시,강남구,대치2동,37.502252,127.064162
1168063000,서울특별시,강남구,대치4동,37.499750,127.057747
1168064000,서울특별시,강남구,역삼1동,37.495361,127.033058
1168065000,서울특별시,강남구,역삼2동,37.496040,127.046790
1168065500,서울특별시,강남구,도곡1동,37.490945,127.038475
1168065600,서울특별시,강남구,도곡2동,37.483818,127.046346
1168066000,서울특별시,강남구,개포1동,37.481925,127.057439
1168067000,서울특별시,강남구,개포2동,37.489766,127.069056
1168069000,서울특별시,강남구,개포4동,37.478833,127.051599
1168070000,서울특별시,강남구,세곡동,37.464369,127.104583
1168072000,서울특별시,강남구,일원본동,37.483360,127.086480
1168073000,서울특별시,강남구,일원1동,37.491887,127.087982
1168074000,서울특별시,강남구,일원2동,37.492172,127.073696
1168075000,서울특별시,강남구,수서동,37.485881,127.096706
1171051000,서울특별시,송파구,풍납1동,37.538055,127.122215
1171052000,서울특별시,송파구,풍납2동,37.528779,127.116814
1171053100,서울특별시,송파구,거여1동,37.496923,127.143302
1171053200,서울특별시,송파구,거여2동,37.493534,127.146891
1171054000,서울특별시,송파구,마천1동,37.496025,127.149894
1171055000,서울특별시,송파구,마천2동,37.496880,127.148538
1171056100,서울특별시,송파구,방이1동,37.511009,127.123923
1171056200,서울특별시,송파구,방이2동,37.514596,127.114379
1171056600,서울특별시,송파구,오륜동,37.515538,127.134424
1171057000,서울특별시,송파구,오금동,37.504010,127.134003
1171058000,서울특별시,송파구,송파1동,37.506090,127.109571
1171059000,서울특별시,송파구,송파2동,37.502323,127.116741
1171060000,서울특별시,송파구,석촌동,37.502730,127.102497
1171061000,서울특별시,송파구,삼전동,37.501901,127.091876
1171062000,서울특별시,송파구,가락본동,37.495585,127.121830
1171063100,서울특별시,송파구,가락1동,37.496537,127.105726
1171063200,서울특별시,송파구,가락2동,37.498639,127.126488
1171064100,서울특별시,송파구,문정1동,37.490024,127.124055
1171064200,서울특별시,송파구,문정2동,37.489890,127.110917
1171064600,서울특별시,송파구,장지동,37.477368,127.131914
1171064700,서울특별시,송파구,위례동,37.481576,127.140424
1171065000,서울특별시,송파구,잠실본동,37.506167,127.084325
1171067000,서울특별시,송파구,잠실2동,37.511956,127.088281
1171068000,서울특별시,송파구,잠실3동,37.513354,127.094316
1171069000,서울특별시,송파구,잠실4동,37.520419,127.112285
1171071000,서울특별시,송파구,잠실6동,37.518133,127.100683
1171072000,서울특별시,송파구,잠실7동,37.508661,127.077090
1174051500,서울특별시,강동구,강일동,37.567438,127.173364
1174052000,서울특별시,강동구,상일동,37.550583,127.168797
1174053000,서울특별시,강동구,명일제1동,37.530120,127.123858
1174054000,서울특별시,강동구,명일제2동,37.530120,127.123858
1174055000,서울특별시,강동구,고덕제1동,37.530120,127.123858
1174056000,서울특별시,강동구,고덕제2동,37.530120,127.123858
1174057000,서울특별시,강동구,암사제1동,37.530120,127.123858
1174058000,서울특별시,강동구,암사제2동,37.530120,127.123858
1174059000,서울특별시,강동구,암사제3동,37.530120,127.123858
1174060000,서울특별시,강동구,천호제1동,37.530120,127.123858
1174061000,서울특별시,강동구,천호제2동,37.530120,127.123858
1174062000,서울특별시,강동구,천호제3동,37.530120,127.123858
1174064000,서울특별시,강동구,성내제1동,37.530120,127.123858
1174065000,서울특별시,강동구,성내제2동,37.530120,127.123858
1174066000,서울특별시,강동구,성내제3동,37.530120,127.123858
1174068500,서울특별시,강동구,길동,37.539616,127.145914
1174069000,서울특별시,강동구,둔촌제1동,37.530120,127.123858
1174070000,서울특별시,강동구,둔촌제2동,37.530120,127.123858
1111010100,서울특별시,종로구,청운동,37.587111,126.969069
1111010200,서울특별시,종로구,신교동,37.583911,126.968354
1111010300,서울특별시,종로구,궁정동,37.584381,126.971489
1111010400,서울특별시,종로구,효자동,37.582416,126.97167
1111010500,서울특별시,종로구,창성동,37.580363,126.972065
1111010600,서울특별시,종로구,통의동,37.578307,126.972872
1111010700,서울특별시,종로구,적선동,37.576122,126.973453
1111010800,서울특별시,종로구,통인동,37.580141,126.970127
1111010900,서울특별시,종로구,누상동,37.580478,126.965838
1111011000,서울특별시,종로구,누하동,37.579423,126.968521
1111011100,서울특별시,종로구,옥인동,37.582175,126.967275
1111011200,서울특별시,종로구,체부동,37.577645,126.970877
1111011300,서울특별시,종로구,필운동,37.577076,126.968848
1111011400,서울특별시,종로구,내자동,37.575641,126.971177
1111011500,서울특별시,종로구,사직동,37.573711,126.966295
1111011600,서울특별시,종로구,도렴동,37.572445,126.975158
1111011700,서울특별시,종로구,당주동,37.571429,126.97457
1111011800,서울특별시,종로구,내수동,37.573113,126.971819
1111011900,서울특별시,종로구,세종로,37.572655,126.976742
1111012000,서울특별시,종로구,신문로1가,37.570366,126.973968
1111012100,서울특별시,종로구,신문로2가,37.571299,126.968815
1111012200,서울특별시,종로구,청진동,37.571886,126.980676
1111012300,서울특별시,종로구,서린동,37.569668,126.979809
1111012400,서울특별시,종로구,수송동,37.573994,126.981139
1111012500,서울특별시,종로구,중학동,37.575301,126.979265
1111012600,서울특별시,종로구,종로1가,37.570479,126.980434
1111012700,서울특별시,종로구,공평동,37.571692,126.982996
1111012800,서울특별시,종로구,관훈동,37.574336,126.984857
1111012900,서울특별시,종로구,견지동,37.573529,126.983065
1111013000,서울특별시,종로구,와룡동,37.57695,126.991141
1111013100,서울특별시,종로구,권농동,37.575619,126.991498
1111013200,서울특별시,종로구,운니동,37.576159,126.989206
1111013300,서울특별시,종로구,익선동,37.574082,126.989819
1111013400,서울특별시,종로구,경운동,37.574538,126.986664
1111013500,서울특별시,종로구,관철동,37.569182,126.986053
1111013600,서울특별시,종로구,인사동,37.571837,126.986206
1111013700,서울특별시,종로구,낙원동,37.572558,126.988732
1111013800,서울특별시,종로구,종로2가,37.570195,126.986454
1111013900,서울특별시,종로구,팔판동,37.582882,126.980836
1111014000,서울특별시,종로구,삼청동,37.585404,126.982123
1111014100,서울특별시,종로구,안국동,37.577515,126.983939
1111014200,서울특별시,종로구,소격동,37.580122,126.981424
1111014300,서울특별시,종로구,화동,37.580693,126.982268
1111014400,서울특별시,종로구,사간동,37.577668,126.980593
1111014500,서울특별시,종로구,송현동,37.577322,126.982187
1111014600,서울특별시,종로구,가회동,37.582235,126.984666
1111014700,서울특별시,종로구,재동,37.578363,126.985575
1111014800,서울특별시,종로구,계동,37.581321,126.987016
1111014900,서울특별시,종로구,원서동,37.581687,126.988696
1111015000,서울특별시,종로구,훈정동,37.57098,126.995131
1111015100,서울특별시,종로구,묘동,37.572598,126.991715
1111015200,서울특별시,종로구,봉익동,37.572398,126.992873
1111015300,서울특별시,종로구,돈의동,37.572085,126.990736
1111015400,서울특별시,종로구,장사동,37.569411,126.99383
1111015500,서울특별시,종로구,관수동,37.5692,126.990527
1111015600,서울특별시,종로구,종로3가,37.570337,126.992072
1111015700,서울특별시,종로구,인의동,37.573102,126.997921
1111015800,서울특별시,종로구,예지동,37.569643,126.997971
1111015900,서울특별시,종로구,원남동,37.575326,126.997429
1111016000,서울특별시,종로구,연지동,37.57359,126.999447
1111016100,서울특별시,종로구,종로4가,37.570618,126.998135
1111016200,서울특별시,종로구,효제동,37.572859,127.003417
1111016300,서울특별시,종로구,종로5가,37.57054,127.003794
1111016400,서울특별시,종로구,종로6가,37.572572,127.006996
1111016500,서울특별시,종로구,이화동,37.577066,127.006358
1111016600,서울특별시,종로구,연건동,37.5775,127.000903
1111016700,서울특별시,종로구,충신동,37.575189,127.006471
1111016800,서울특별시,종로구,동숭동,37.581654,127.005083
1111016900,서울특별시,종로구,혜화동,37.587955,127.001157
1111017000,서울특별시,종로구,명륜1가,37.588347,126.997733
1111017100,서울특별시,종로구,명륜2가,37.584521,126.998638
1111017200,서울특별시,종로구,명륜4가,37.582225,127.000008
1111017300,서울특별시,종로구,명륜3가,37.588359,126.994739
1111017400,서울특별시,종로구,창신동,37.574729,127.012062
1111017500,서울특별시,종로구,숭인동,37.575979,127.018802
1111017600,서울특별시,종로구,교남동,37.567917,126.965108
1111017700,서울특별시,종로구,평동,37.567121,126.967018
1111017800,서울특별시,종로구,송월동,37.569779,126.96576
1111017900,서울특별시,종로구,홍파동,37.571862,126.965154
1111018000,서울특별시,종로구,교북동,37.572612,126.960436
1111018100,서울특별시,종로구,행촌동,37.574294,126.962469
1111018200,서울특별시,종로구,구기동,37.609211,126.957246
1111018300,서울특별시,종로구,평창동,37.61042,126.969837
1111018400,서울특별시,종로구,부암동,37.594148,126.964248
1111018500,서울특별시,종로구,홍지동,37.60031,126.957773
1111018600,서울특별시,종로구,신영동,37.602696,126.961378
1111018700,서울특별시,종로구,무악동,37.575906,126.959334
1114010100,서울특별시,중구,무교동,37.567732,126.979171
1114010200,서울특별시,중구,다동,37.567577,126.981026
1114010300,서울특별시,중구,태평로1가,37.568174,126.976805
1114010400,서울특별시,중구,을지로1가,37.566295,126.980137
1114010500,서울특별시,중구,을지로2가,37.565757,126.985892
1114010600,서울특별시,중구,남대문로1가,37.567451,126.982976
1114010700,서울특별시,중구,삼각동,37.567588,126.983748
1114010800,서울특별시,중구,수하동,37.567242,126.984082
1114010900,서울특별시,중구,장교동,37.567116,126.987193
1114011000,서울특별시,중구,수표동,37.567358,126.989674
1114011100,서울특별시,중구,소공동,37.563731,126.980135
1114011200,서울특별시,중구,남창동,37.55845,126.977464
1114011300,서울특별시,중구,북창동,37.5625,126.978056
1114011400,서울특별시,중구,태평로2가,37.563334,126.976861
1114011500,서울특별시,중구,남대문로2가,37.563785,126.981752
1114011600,서울특별시,중구,남대문로3가,37.561033,126.978259
1114011700,서울특별시,중구,남대문로4가,37.560635,126.976863
1114011800,서울특별시,중구,남대문로5가,37.557154,126.974366
1114011900,서울특별시,중구,봉래동1가,37.558687,126.972589
1114012000,서울특별시,중구,봉래동2가,37.557841,126.97062
1114012100,서울특별시,중구,회현동1가,37.557439,126.980748
1114012200,서울특별시,중구,회현동2가,37.558033,126.983443
1114012300,서울특별시,중구,회현동3가,37.56006,126.984082
1114012400,서울특별시,중구,충무로1가,37.561279,126.98343
1114012500,서울특별시,중구,충무로2가,37.561903,126.987942
1114012600,서울특별시,중구,명동1가,37.564135,126.984148
1114012700,서울특별시,중구,명동2가,37.56288,126.984505
1114012800,서울특별시,중구,남산동1가,37.55926,126.984605
1114012900,서울특별시,중구,남산동2가,37.558534,126.985813
1114013000,서울특별시,중구,남산동3가,37.560392,126.987105
1114013100,서울특별시,중구,저동1가,37.564362,126.987314
1114013200,서울특별시,중구,충무로4가,37.562463,126.995255
1114013300,서울특별시,중구,충무로5가,37.562923,126.999921
1114013400,서울특별시,중구,인현동2가,37.56378,126.995779
1114013500,서울특별시,중구,예관동,37.564357,126.99822
1114013600,서울특별시,중구,묵정동,37.561401,127.000871
1114013700,서울특별시,중구,필동1가,37.560992,126.992264
1114013800,서울특별시,중구,필동2가,37.55896,126.995427
1114013900,서울특별시,중구,필동3가,37.559069,126.997152
1114014000,서울특별시,중구,남학동,37.56041,126.99086
1114014100,서울특별시,중구,주자동,37.560755,126.98985
1114014200,서울특별시,중구,예장동,37.557397,126.990492
1114014300,서울특별시,중구,장충동1가,37.561397,127.007583
1114014400,서울특별시,중구,장충동2가,37.55991,127.00256
1114014500,서울특별시,중구,광희동1가,37.565194,127.005069
1114014600,서울특별시,중구,광희동2가,37.563799,127.008655
1114014700,서울특별시,중구,쌍림동,37.563176,127.004625
1114014800,서울특별시,중구,을지로6가,37.566868,127.00631
1114014900,서울특별시,중구,을지로7가,37.565117,127.009288
1114015000,서울특별시,중구,을지로4가,37.566587,126.998139
1114015100,서울특별시,중구,을지로5가,37.566455,127.001862
1114015200,서울특별시,중구,주교동,37.568136,126.999252
1114015300,서울특별시,중구,방산동,37.568469,127.001903
1114015400,서울특별시,중구,오장동,37.564685,127.0007
1114015500,서울특별시,중구,을지로3가,37.566292,126.992337
1114015600,서울특별시,중구,입정동,37.567709,126.993042
1114015700,서울특별시,중구,산림동,37.567564,126.996085
1114015800,서울특별시,중구,충무로3가,37.562676,126.991874
1114015900,서울특별시,중구,초동,37.564226,126.992375
1114016000,서울특별시,중구,인현동1가,37.564472,126.994232
1114016100,서울특별시,중구,저동2가,37.564385,126.990257
1114016200,서울특별시,중구,신당동,37.559441,127.013427
1114016300,서울특별시,중구,흥인동,37.566792,127.016839
1114016400,서울특별시,중구,무학동,37.564149,127.015091
1114016500,서울특별시,중구,황학동,37.56794,127.020367
1114016600,서울특별시,중구,서소문동,37.563075,126.974142
1114016700,서울특별시,중구,정동,37.566905,126.972078
1114016800,서울특별시,중구,순화동,37.562471,126.970566
1114016900,서울특별시,중구,의주로1가,37.564783,126.968176
1114017000,서울특별시,중구,충정로1가,37.567411,126.968642
1114017100,서울특별시,중구,중림동,37.558715,126.96584
1114017200,서울특별시,중구,의주로2가,37.559382,126.969985
1114017300,서울특별시,중구,만리동1가,37.556408,126.967319
1114017400,서울특별시,중구,만리동2가,37.553986,126.96415
1117010100,서울특별시,용산구,후암동,37.549171,126.978938
1117010200,서울특별시,용산구,용산동2가,37.544184,126.98511
1117010300,서울특별시,용산구,용산동4가,37.534964,126.986876
1117010400,서울특별시,용산구,갈월동,37.546267,126.972941
1117010500,서울특별시,용산구,남영동,37.542934,126.97341
1117010600,서울특별시,용산구,용산동1가,37.534968,126.977282
1117010700,서울특별시,용산구,동자동,37.551535,126.974137
1117010800,서울특별시,용산구,서계동,37.552113,126.966089
1117010900,서울특별시,용산구,청파동1가,37.54887,126.967046
1117011000,서울특별시,용산구,청파동2가,37.546067,126.967745
1117011100,서울특별시,용산구,청파동3가,37.543407,126.968276
1117011200,서울특별시,용산구,원효로1가,37.539977,126.966998
1117011300,서울특별시,용산구,원효로2가,37.536307,126.963165
1117011400,서울특별시,용산구,신창동,37.53573,126.955199
1117011500,서울특별시,용산구,산천동,37.535428,126.952396
1117011600,서울특별시,용산구,청암동,37.53504,126.9465
1117011700,서울특별시,용산구,원효로3가,37.53414,126.956862
1117011800,서울특별시,용산구,원효로4가,37.533504,126.952763
1117011900,서울특별시,용산구,효창동,37.543291,126.961214
1117012000,서울특별시,용산구,도원동,37.539188,126.95794
1117012100,서울특별시,용산구,용문동,37.537571,126.959936
1117012200,서울특별시,용산구,문배동,37.536423,126.969346
1117012300,서울특별시,용산구,신계동,37.534581,126.964922
1117012400,서울특별시,용산구,한강로1가,37.534384,126.973765
1117012500,서울특별시,용산구,한강로2가,37.531715,126.970242
1117012600,서울특별시,용산구,용산동3가,37.533189,126.974319
1117012700,서울특별시,용산구,용산동5가,37.527123,126.97083
1117012800,서울특별시,용산구,한강로3가,37.524659,126.963299
1117012900,서울특별시,용산구,이촌동,37.524133,126.961987
1117013000,서울특별시,용산구,이태원동,37.5367,126.992151
1117013100,서울특별시,용산구,한남동,37.533889,127.003955
1117013200,서울특별시,용산구,동빙고동,37.523599,126.995949
1117013300,서울특별시,용산구,서빙고동,37.521042,126.993023
1117013400,서울특별시,용산구,주성동,37.522591,126.998382
1117013500,서울특별시,용산구,용산동6가,37.51915,126.983164
1117013600,서울특별시,용산구,보광동,37.528858,126.999766
1120010100,서울특별시,성동구,상왕십리동,37.569332,127.025349
1120010200,서울특별시,성동구,하왕십리동,37.562462,127.029586
1120010300,서울특별시,성동구,홍익동,37.566144,127.032921
1120010400,서울특별시,성동구,도선동,37.563897,127.033258
1120010500,서울특별시,성동구,마장동,37.567305,127.039084
1120010600,서울특별시,성동구,사근동,37.561371,127.046789
1120010700,서울특별시,성동구,행당동,37.559076,127.035869
1120010800,서울특별시,성동구,응봉동,37.551169,127.031462
1120010900,서울특별시,성동구,금호동1가,37.554697,127.023412
1120011000,서울특별시,성동구,금호동2가,37.552482,127.020133
1120011100,서울특별시,성동구,금호동3가,37.549504,127.021812
1120011200,서울특별시,성동구,금호동4가,37.547468,127.02006
1120011300,서울특별시,성동구,옥수동,37.542764,127.014662
1120011400,서울특별시,성동구,성수동1가,37.544661,127.046772
1120011500,서울특별시,성동구,성수동2가,37.541123,127.056125
1120011800,서울특별시,성동구,송정동,37.552124,127.067652
1120012200,서울특별시,성동구,용답동,37.564354,127.052795
1121510100,서울특별시,광진구,중곡동,37.561882,127.084745
1121510200,서울특별시,광진구,능동,37.553729,127.082381
1121510300,서울특별시,광진구,구의동,37.544655,127.089493
1121510400,서울특별시,광진구,광장동,37.546992,127.103926
1121510500,서울특별시,광진구,자양동,37.534692,127.074327
1121510700,서울특별시,광진구,화양동,37.544427,127.070047
1121510900,서울특별시,광진구,군자동,37.553878,127.073516
1123010100,서울특별시,동대문구,신설동,37.575204,127.026023
1123010200,서울특별시,동대문구,용두동,37.576328,127.034621
1123010300,서울특별시,동대문구,제기동,37.584134,127.03796
1123010400,서울특별시,동대문구,전농동,37.579797,127.053848
1123010500,서울특별시,동대문구,답십리동,37.569883,127.056757
1123010600,서울특별시,동대문구,장안동,37.570749,127.068233
1123010700,서울특별시,동대문구,청량리동,37.586643,127.044621
1123010800,서울특별시,동대문구,회기동,37.591447,127.051971
1123010900,서울특별시,동대문구,휘경동,37.589592,127.061228
1123011000,서울특별시,동대문구,이문동,37.598851,127.062465
1126010100,서울특별시,중랑구,면목동,37.58442,127.086487
1126010200,서울특별시,중랑구,상봉동,37.596267,127.085704
1126010300,서울특별시,중랑구,중화동,37.59975,127.077718
1126010400,서울특별시,중랑구,묵동,37.611266,127.077829
1126010500,서울특별시,중랑구,망우동,37.596678,127.100419
1126010600,서울특별시,중랑구,신내동,37.607237,127.098924
1129010100,서울특별시,성북구,성북동,37.594567,126.997514
1129010200,서울특별시,성북구,성북동1가,37.589374,127.003652
1129010300,서울특별시,성북구,돈암동,37.598415,127.020288
1129010400,서울특별시,성북구,동소문동1가,37.589858,127.00746
1129010500,서울특별시,성북구,동소문동2가,37.588696,127.008412
1129010600,서울특별시,성북구,동소문동3가,37.590052,127.010816
1129010700,서울특별시,성북구,동소문동4가,37.591541,127.010756
1129010800,서울특별시,성북구,동소문동5가,37.591666,127.01559
1129010900,서울특별시,성북구,동소문동6가,37.59377,127.014858
1129011000,서울특별시,성북구,동소문동7가,37.596303,127.014721
1129011100,서울특별시,성북구,삼선동1가,37.585059,127.007942
1129011200,서울특별시,성북구,삼선동2가,37.585259,127.010538
1129011300,서울특별시,성북구,삼선동3가,37.586298,127.012802
1129011400,서울특별시,성북구,삼선동4가,37.589818,127.013135
1129011500,서울특별시,성북구,삼선동5가,37.58825,127.015789
1129011600,서울특별시,성북구,동선동1가,37.592065,127.01826
1129011700,서울특별시,성북구,동선동2가,37.590091,127.020053
1129011800,서울특별시,성북구,동선동3가,37.594108,127.020597
1129011900,서울특별시,성북구,동선동4가,37.595087,127.018541
1129012000,서울특별시,성북구,동선동5가,37.596185,127.016726
1129012100,서울특별시,성북구,안암동1가,37.588393,127.021456
1129012200,서울특별시,성북구,안암동2가,37.586638,127.022973
1129012300,서울특별시,성북구,안암동3가,37.583915,127.02328
1129012400,서울특별시,성북구,안암동4가,37.580811,127.024633
1129012500,서울특별시,성북구,안암동5가,37.586083,127.029493
1129012600,서울특별시,성북구,보문동4가,37.582645,127.021437
1129012700,서울특별시,성북구,보문동5가,37.582359,127.019936
1129012800,서울특별시,성북구,보문동6가,37.580444,127.019694
1129012900,서울특별시,성북구,보문동7가,37.580033,127.02182
1129013000,서울특별시,성북구,보문동1가,37.586226,127.019779
1129013100,서울특별시,성북구,보문동2가,37.585602,127.018306
1129013200,서울특별시,성북구,보문동3가,37.584277,127.017551
1129013300,서울특별시,성북구,정릉동,37.608442,127.008288
1129013400,서울특별시,성북구,길음동,37.607316,127.02476
1129013500,서울특별시,성북구,종암동,37.597405,127.035032
1129013600,서울특별시,성북구,하월곡동,37.605662,127.035753
1129013700,서울특별시,성북구,상월곡동,37.606723,127.048393
1129013800,서울특별시,성북구,장위동,37.614232,127.050118
1129013900,서울특별시,성북구,석관동,37.608823,127.060712
1130510100,서울특별시,강북구,미아동,37.621298,127.024902
1130510200,서울특별시,강북구,번동,37.635123,127.032072
1130510300,서울특별시,강북구,수유동,37.639388,127.017183
1130510400,서울특별시,강북구,우이동,37.658785,127.01119
1132010500,서울특별시,도봉구,쌍문동,37.652731,127.02871
1132010600,서울특별시,도봉구,방학동,37.666224,127.03665
1132010700,서울특별시,도봉구,창동,37.64344,127.039413
1132010800,서울특별시,도봉구,도봉동,37.678103,127.043249
1135010200,서울특별시,노원구,월계동,37.622192,127.05865
1135010300,서울특별시,노원구,공릉동,37.623601,127.077388
1135010400,서울특별시,노원구,하계동,37.63689,127.073145
1135010500,서울특별시,노원구,상계동,37.6671,127.072189
1135010600,서울특별시,노원구,중계동,37.646989,127.082411
1138010100,서울특별시,은평구,수색동,37.585121,126.89426
1138010200,서울특별시,은평구,녹번동,37.605253,126.929107
1138010300,서울특별시,은평구,불광동,37.620465,126.927435
1138010400,서울특별시,은평구,갈현동,37.621223,126.914993
1138010500,서울특별시,은평구,구산동,37.61139,126.910297
1138010600,서울특별시,은평구,대조동,37.612276,126.92285
1138010700,서울특별시,은평구,응암동,37.592677,126.920257
1138010800,서울특별시,은평구,역촌동,37.60477,126.915663
1138010900,서울특별시,은평구,신사동,37.595711,126.909195
1138011000,서울특별시,은평구,증산동,37.584724,126.907223
1138011400,서울특별시,은평구,진관동,37.644355,126.936524
1141010100,서울특별시,서대문구,충정로2가,37.565192,126.964529
1141010200,서울특별시,서대문구,충정로3가,37.562611,126.961351
1141010300,서울특별시,서대문구,합동,37.561567,126.966566
1141010400,서울특별시,서대문구,미근동,37.563162,126.967026
1141010500,서울특별시,서대문구,냉천동,37.567257,126.96389
1141010600,서울특별시,서대문구,천연동,37.568285,126.960571
1141010700,서울특별시,서대문구,옥천동,37.569686,126.96089
1141010800,서울특별시,서대문구,영천동,37.570759,126.96046
1141010900,서울특별시,서대문구,현저동,37.576486,126.95422
1141011000,서울특별시,서대문구,북아현동,37.561666,126.95617
1141011100,서울특별시,서대문구,홍제동,37.588734,126.946107
1141011200,서울특별시,서대문구,대현동,37.558086,126.944504
1141011300,서울특별시,서대문구,대신동,37.566438,126.945199
1141011400,서울특별시,서대문구,신촌동,37.568134,126.946792
1141011500,서울특별시,서대문구,봉원동,37.569952,126.947063
1141011600,서울특별시,서대문구,창천동,37.558584,126.934113
1141011700,서울특별시,서대문구,연희동,37.570389,126.929628
1141011800,서울특별시,서대문구,홍은동,37.59156,126.938775
1141011900,서울특별시,서대문구,북가좌동,37.580344,126.912261
1141012000,서울특별시,서대문구,남가좌동,37.577538,126.922311
1144010100,서울특별시,마포구,아현동,37.555483,126.955998
1144010200,서울특별시,마포구,공덕동,37.548828,126.959006
1144010300,서울특별시,마포구,신공덕동,37.544374,126.956854
1144010400,서울특별시,마포구,도화동,37.539966,126.95
1144010500,서울특별시,마포구,용강동,37.541967,126.940414
1144010600,서울특별시,마포구,토정동,37.54035,126.940474
1144010700,서울특별시,마포구,마포동,37.537003,126.945323
1144010800,서울특별시,마포구,대흥동,37.551055,126.943731
1144010900,서울특별시,마포구,염리동,37.551546,126.947279
1144011000,서울특별시,마포구,노고산동,37.554402,126.938556
1144011100,서울특별시,마포구,신수동,37.547351,126.937074
1144011200,서울특별시,마포구,현석동,37.54384,126.933903
1144011300,서울특별시,마포구,구수동,37.545679,126.932695
1144011400,서울특별시,마포구,창전동,37.550966,126.929835
1144011500,서울특별시,마포구,상수동,37.547431,126.922946
1144011600,서울특별시,마포구,하중동,37.54575,126.928674
1144011700,서울특별시,마포구,신정동,37.54421,126.930866
1144011800,서울특별시,마포구,당인동,37.54625,126.920245
1144012000,서울특별시,마포구,서교동,37.55391,126.918985
1144012100,서울특별시,마포구,동교동,37.55765,126.925663
1144012200,서울특별시,마포구,합정동,37.549046,126.911558
1144012300,서울특별시,마포구,망원동,37.55662,126.903976
1144012400,서울특별시,마포구,연남동,37.562962,126.921783
1144012500,서울특별시,마포구,성산동,37.563317,126.91087
1144012600,서울특별시,마포구,중동,37.5704,126.907656
1144012700,서울특별시,마포구,상암동,37.577131,126.893488
1147010100,서울특별시,양천구,신정동,37.521636,126.857957
1147010200,서울특별시,양천구,목동,37.539776,126.869079
1147010300,서울특별시,양천구,신월동,37.529444,126.834248
1150010100,서울특별시,강서구,염창동,37.551366,126.8713
1150010200,서울특별시,강서구,등촌동,37.551325,126.858411
1150010300,서울특별시,강서구,화곡동,37.538358,126.847336
1150010400,서울특별시,강서구,가양동,37.568238,126.845059
1150010500,서울특별시,강서구,마곡동,37.566092,126.830395
1150010600,서울특별시,강서구,내발산동,37.552616,126.83573
1150010700,서울특별시,강서구,외발산동,37.546721,126.821871
1150010800,서울특별시,강서구,공항동,37.558805,126.813297
1150010900,서울특별시,강서구,방화동,37.569138,126.812192
1150011000,서울특별시,강서구,개화동,37.582069,126.801198
1150011100,서울특별시,강서구,과해동,37.560661,126.794953
1150011200,서울특별시,강서구,오곡동,37.554615,126.775768
1150011300,서울특별시,강서구,오쇠동,37.541148,126.796575
1153010100,서울특별시,구로구,신도림동,37.509454,126.880425
1153010200,서울특별시,구로구,구로동,37.4929,126.886427
1153010300,서울특별시,구로구,가리봉동,37.482944,126.888062
1153010600,서울특별시,구로구,고척동,37.50356,126.855829
1153010700,서울특별시,구로구,개봉동,37.49497,126.851409
1153010800,서울특별시,구로구,오류동,37.494129,126.840746
1153010900,서울특별시,구로구,궁동,37.49687,126.831303
1153011000,서울특별시,구로구,온수동,37.493507,126.820255
1153011100,서울특별시,구로구,천왕동,37.482016,126.841789
1153011200,서울특별시,구로구,항동,37.484059,126.82298
1154510100,서울특별시,금천구,가산동,37.477598,126.888291
1154510200,서울특별시,금천구,독산동,37.469371,126.901246
1154510300,서울특별시,금천구,시흥동,37.453325,126.906222
1156010100,서울특별시,영등포구,영등포동,37.513448,126.907724
1156010200,서울특별시,영등포구,영등포동1가,37.51771,126.913057
1156010300,서울특별시,영등포구,영등포동2가,37.520839,126.910094
1156010400,서울특별시,영등포구,영등포동3가,37.518155,126.907998
1156010500,서울특별시,영등포구,영등포동4가,37.517981,126.903506
1156010600,서울특별시,영등포구,영등포동5가,37.521133,126.907084
1156010700,서울특별시,영등포구,영등포동6가,37.521556,126.90309
1156010800,서울특별시,영등포구,영등포동7가,37.524619,126.90667
1156010900,서울특별시,영등포구,영등포동8가,37.527015,126.905253
1156011000,서울특별시,영등포구,여의도동,37.524371,126.925958
1156011100,서울특별시,영등포구,당산동1가,37.522336,126.898748
1156011200,서울특별시,영등포구,당산동2가,37.522967,126.892688
1156011300,서울특별시,영등포구,당산동3가,37.525551,126.896668
1156011400,서울특별시,영등포구,당산동4가,37.528887,126.898848
1156011500,서울특별시,영등포구,당산동5가,37.532856,126.899187
1156011600,서울특별시,영등포구,당산동6가,37.534373,126.903445
1156011700,서울특별시,영등포구,당산동,37.528625,126.907439
1156011800,서울특별시,영등포구,도림동,37.509277,126.902494
1156011900,서울특별시,영등포구,문래동1가,37.512364,126.897201
1156012000,서울특별시,영등포구,문래동2가,37.51329,126.893779
1156012100,서울특별시,영등포구,문래동3가,37.516929,126.897249
1156012200,서울특별시,영등포구,문래동4가,37.515082,126.890475
1156012300,서울특별시,영등포구,문래동5가,37.515863,126.885676
1156012400,서울특별시,영등포구,문래동6가,37.519342,126.886528
1156012500,서울특별시,영등포구,양평동1가,37.523571,126.888814
1156012600,서울특별시,영등포구,양평동2가,37.52427,126.884578
1156012700,서울특별시,영등포구,양평동3가,37.528148,126.889731
1156012800,서울특별시,영등포구,양평동4가,37.537079,126.89626
1156012900,서울특별시,영등포구,양평동5가,37.538964,126.893422
1156013000,서울특별시,영등포구,양평동6가,37.542645,126.890065
1156013100,서울특별시,영등포구,양화동,37.545629,126.891554
1156013200,서울특별시,영등포구,신길동,37.507088,126.913103
1156013300,서울특별시,영등포구,대림동,37.494306,126.900642
1156013400,서울특별시,영등포구,양평동,37.522602,126.881344
1159010100,서울특별시,동작구,노량진동,37.510162,126.940418
1159010200,서울특별시,동작구,상도동,37.499206,126.940385
1159010300,서울특별시,동작구,상도1동,37.502889,126.950645
1159010400,서울특별시,동작구,본동,37.511491,126.954336
1159010500,서울특별시,동작구,흑석동,37.505964,126.962578
1159010600,서울특별시,동작구,동작동,37.496605,126.980985
1159010700,서울특별시,동작구,사당동,37.483974,126.974999
1159010800,서울특별시,동작구,대방동,37.504791,126.927862
1159010900,서울특별시,동작구,신대방동,37.492678,126.917721
1162010100,서울특별시,관악구,봉천동,37.482717,126.949951
1162010200,서울특별시,관악구,신림동,37.476412,126.925691
1162010300,서울특별시,관악구,남현동,37.474116,126.976721
1165010100,서울특별시,서초구,방배동,37.484677,126.989955
1165010200,서울특별시,서초구,양재동,37.474839,127.041717
1165010300,서울특별시,서초구,우면동,37.466629,127.021892
1165010400,서울특별시,서초구,원지동,37.446848,127.053774
1165010600,서울특별시,서초구,잠원동,37.513667,127.016166
1165010700,서울특별시,서초구,반포동,37.502816,127.010493
1165010800,서울특별시,서초구,서초동,37.488514,127.016222
1165010900,서울특별시,서초구,내곡동,37.456881,127.074171
1165011000,서울특별시,서초구,염곡동,37.462035,127.052837
1165011100,서울특별시,서초구,신원동,37.447112,127.058841
1168010100,서울특별시,강남구,역삼동,37.500335,127.037596
1168010300,서울특별시,강남구,개포동,37.47826,127.052024
1168010400,서울특별시,강남구,청담동,37.523404,127.046858
1168010500,서울특별시,강남구,삼성동,37.512792,127.053085
1168010600,서울특별시,강남구,대치동,37.501711,127.057851
1168010700,서울특별시,강남구,신사동,37.522893,127.028589
1168010800,서울특별시,강남구,논현동,37.513093,127.031353
1168011000,서울특별시,강남구,압구정동,37.528752,127.031766
1168011100,서울특별시,강남구,세곡동,37.466494,127.103021
1168011200,서울특별시,강남구,자곡동,37.476796,127.100387
1168011300,서울특별시,강남구,율현동,37.47145,127.107251
1168011400,서울특별시,강남구,일원동,37.491326,127.083799
1168011500,서울특별시,강남구,수서동,37.485767,127.098137
1168011800,서울특별시,강남구,도곡동,37.486509,127.040738
1171010100,서울특별시,송파구,잠실동,37.506967,127.083673
1171010200,서울특별시,송파구,신천동,37.517302,127.104967
1171010300,서울특별시,송파구,풍납동,37.534673,127.117643
1171010400,서울특별시,송파구,송파동,37.506058,127.111216
1171010500,서울특별시,송파구,석촌동,37.502699,127.102321
1171010600,서울특별시,송파구,삼전동,37.502724,127.092352
1171010700,서울특별시,송파구,가락동,37.496486,127.126006
1171010800,서울특별시,송파구,문정동,37.486581,127.127495
1171010900,서울특별시,송파구,장지동,37.478077,127.133269
1171011100,서울특별시,송파구,방이동,37.512017,127.116902
1171011200,서울특별시,송파구,오금동,37.503984,127.135124
1171011300,서울특별시,송파구,거여동,37.494161,127.145196
1171011400,서울특별시,송파구,마천동,37.497117,127.152393
1174010100,서울특별시,강동구,명일동,37.549276,127.147555
1174010200,서울특별시,강동구,고덕동,37.561068,127.160582
1174010300,서울특별시,강동구,상일동,37.54822,127.17063
1174010500,서울특별시,강동구,길동,37.539123,127.143163
1174010600,서울특별시,강동구,둔촌동,37.531157,127.142891
1174010700,서울특별시,강동구,암사동,37.552497,127.13301
1174010800,서울특별시,강동구,성내동,37.531338,127.129174
1174010900,서울특별시,강동구,천호동,37.543676,127.131748
1174011000,서울특별시,강동구,강일동,37.569204,127.17162
